id,Emotion,EmotionalPolarity,Empathy
1,2.520275,2,2.6459427
2,2.173213,2,2.0217948
3,2.3216496,2,1.8537133
4,2.1916633,1,1.9711654
5,2.8692236,2,2.655174
6,2.9173825,2,1.9428828
7,1.8669767,1,1.4801924
8,2.539536,2,2.634257
9,2.1110694,1,2.4802873
10,1.7863913,1,1.1321597
11,2.352474,0,2.0739071
12,1.5613216,1,1.912091
13,1.4778823,1,1.5287536
14,1.851758,1,1.628868
15,1.3034909,1,0.70752484
16,1.9404321,1,1.2898647
17,1.9925779,1,1.3099785
18,2.2442813,0,1.2707478
19,2.1116538,0,1.3375043
20,1.9100158,0,1.0170542
21,2.5165117,0,1.2132838
22,2.5068321,1,1.6726997
23,2.4264104,1,1.072093
24,1.3553088,1,0.824953
25,2.0425282,0,1.4351625
26,1.5146289,1,1.5712149
27,1.8285501,2,1.3447386
28,1.68421,1,1.5813596
29,0.93486834,1,0.833518
30,0.93486834,1,0.833518
31,1.8513957,1,2.1410146
32,2.0210137,1,1.9520981
33,1.7001104,0,1.7122564
34,1.8208637,1,1.2613688
35,2.4768577,2,2.8404179
36,2.031104,2,2.1089258
37,2.2964578,2,1.4713922
38,1.7430396,1,1.2495273
39,1.596963,1,1.7902973
40,2.3952603,2,2.461366
41,2.6032228,1,1.9611809
42,2.3087053,1,1.941308
43,3.1011302,2,3.0456765
44,2.3447537,2,2.4432578
45,3.6583815,2,3.2374458
46,2.9610093,1,3.143612
47,2.3556454,1,1.4837027
48,1.8671732,1,1.2380065
49,1.544798,1,2.4422095
50,2.0113916,1,2.2141166
51,1.8140795,1,2.1725142
52,3.071112,2,3.7421422
53,2.9045093,2,2.7219956
54,2.1911697,0,2.449024
55,1.9972317,1,2.08547
56,2.2071047,0,2.0648685
57,2.757843,2,2.0682669
58,2.614736,1,2.2134085
59,2.3508363,2,1.9395132
60,2.406897,1,2.8702037
61,2.2036977,0,2.4639492
62,2.6743903,0,2.732908
63,0.93486834,1,0.833518
64,0.93486834,1,0.833518
65,1.8866845,1,2.4476721
66,2.3882701,1,2.766667
67,3.124853,1,3.0644715
68,3.4851294,0,3.6316094
69,2.540332,1,3.2760355
70,1.9532633,1,2.9686468
71,2.3676653,1,2.3052356
72,1.9625458,1,2.2008448
73,1.9661037,1,2.0857291
74,2.3908405,2,2.3106413
75,2.1875896,1,1.7486132
76,2.3033533,1,2.0137393
77,1.1825328,1,1.0668932
78,2.272978,1,2.0308497
79,0.80746895,1,1.4714565
80,1.103442,1,2.3242748
81,2.7779913,1,2.8864405
82,2.3594694,1,2.7810876
83,2.279735,1,2.6497252
84,2.687217,0,3.0338554
85,2.1578383,1,2.301069
86,2.7064307,0,2.884577
87,2.7494116,1,2.8898196
88,2.3626134,0,2.3184965
89,2.3879733,1,2.6540482
90,3.0558822,1,3.5922027
91,2.287309,1,2.03751
92,3.069919,1,2.7680175
93,2.1798298,0,2.0912595
94,2.630337,1,2.7115822
95,1.9356889,1,1.3282706
96,3.3224068,0,2.7513936
97,2.3120046,1,1.8578343
98,2.0301538,0,1.1976846
99,1.4529492,0,1.109822
100,1.035203,1,0.8767451
101,1.035203,1,0.8767451
102,0.93486834,1,0.833518
103,1.1784866,1,1.0597762
104,1.9660304,1,2.6795228
105,2.0345957,1,1.9734306
106,1.3715103,1,2.0283315
107,0.90063065,1,1.1175275
108,2.5797524,1,2.6352394
109,1.766305,1,1.555295
110,1.9368943,0,1.8627527
111,2.5219722,1,2.1384432
112,2.5371761,1,2.7734704
113,1.8239115,1,1.692265
114,2.1190548,1,2.088663
115,2.5611756,2,2.394048
116,2.4801505,2,2.7367287
117,1.7895565,1,1.5764129
118,2.8548343,2,2.286447
119,1.9373038,1,2.2207048
120,1.7308697,1,2.342945
121,2.6130896,1,2.132925
122,2.3332286,0,1.382081
123,1.2124689,1,1.1915674
124,2.189751,1,2.327904
125,1.6544039,0,1.4876189
126,2.134367,0,1.0752394
127,0.93486834,1,0.833518
128,1.1437298,1,1.095091
129,1.7155257,1,0.3577026
130,1.4736207,1,1.1221198
131,1.0821012,1,1.3281612
132,2.158794,0,1.3395531
133,0.93486834,1,0.833518
134,1.468017,1,1.220328
135,1.1266191,1,0.8202022
136,2.28615,0,1.3696882
137,1.4614275,1,0.9267297
138,1.6966865,1,1.1336355
139,0.93486834,1,0.833518
140,0.93486834,1,0.833518
141,2.2792108,1,2.328593
142,1.684319,1,1.8314989
143,2.267202,0,2.5518112
144,1.7426455,1,2.3177357
145,1.944047,2,1.8016748
146,1.5109898,1,2.13105
147,1.9383252,2,2.0142536
148,1.2755555,1,1.2560463
149,1.428372,1,1.839448
150,2.7100878,2,2.8602977
151,2.3001056,1,2.291011
152,2.3750126,1,1.6668684
153,2.265799,2,2.5636673
154,1.1174445,1,0.8727164
155,1.9597561,1,1.7826517
156,2.1182804,1,1.8762536
157,2.433804,1,1.8683035
158,1.7850492,1,1.5944155
159,3.0756817,0,3.1632266
160,3.46431,2,3.1451588
161,2.6087346,1,2.6713414
162,2.3909,2,2.0525136
163,2.7634423,2,2.6171768
164,1.8728616,2,1.962008
165,1.798992,2,1.5204077
166,2.5830312,2,2.2843044
167,2.5697238,1,2.6988957
168,2.3149474,1,2.3903391
169,2.3950937,1,2.3629875
170,2.6567438,2,2.1610518
171,2.7799554,1,2.382376
172,2.9571133,2,1.9043336
173,2.2805798,1,2.7209606
174,2.9731443,0,2.8237953
175,3.330681,0,2.8633127
176,2.6309824,2,1.6721153
177,3.3371832,2,1.8644671
178,2.1027708,0,1.7511946
179,2.5522451,0,2.6833243
180,2.5284066,0,2.0209718
181,2.0801277,0,1.4508929
182,1.3522384,0,0.9220038
183,1.7153995,0,0.95314354
184,1.7047989,1,1.6656535
185,1.5055635,1,1.5630983
186,1.5447823,1,1.6839238
187,2.1781614,1,2.6239123
188,0.9265572,1,0.86012906
189,0.93486834,1,0.833518
190,1.3128496,1,1.4288793
191,2.2452183,1,2.0664964
192,1.7087088,1,1.2882978
193,2.3205845,0,1.4325516
194,1.8337882,1,1.6725385
195,2.6723108,0,2.3320487
196,1.8292627,1,2.3909483
197,2.8395875,2,2.5236704
198,1.9594493,2,2.4529862
199,2.9117045,2,2.8078501
200,2.462463,2,2.6345022
201,2.2701924,1,2.7414234
202,1.9613314,1,2.1408117
203,2.3978395,2,2.4666984
204,2.082067,1,1.8451638
205,2.1188936,1,2.2976456
206,1.8937199,1,1.3867385
207,2.2173245,1,1.3957827
208,2.299798,2,2.1653683
209,2.561378,2,2.4428551
210,1.2209107,1,1.7766731
211,2.4696085,1,2.2974787
212,1.8731118,1,1.8424008
213,2.7484064,1,2.2889237
214,3.029101,0,2.74111
215,2.9634244,1,3.2235527
216,1.4524571,1,1.3511227
217,1.7737548,1,1.3336563
218,0.9580862,1,0.82600415
219,2.03899,1,1.4183006
220,1.6159542,1,1.3952398
221,2.4303017,2,1.9675343
222,2.9999218,2,3.3197246
223,2.0802255,1,2.156298
224,1.8778524,1,1.8163465
225,1.7317324,1,1.7114651
226,2.6606324,1,2.594907
227,2.476492,2,2.016686
228,2.755763,2,2.6904092
229,2.7151036,2,2.9432957
230,2.3469217,1,2.4061663
231,1.8479192,1,2.2580228
232,2.7776694,1,2.4504244
233,1.4702342,0,1.3056843
234,2.8280616,0,2.6640148
235,1.9053712,1,1.6874952
236,2.2341292,1,2.1479282
237,2.2865272,1,1.3512857
238,2.2047305,1,2.3578327
239,2.887561,2,1.9536381
240,1.9880294,1,1.9515502
241,2.7020864,2,2.0254896
242,2.2786422,1,2.2460024
243,2.5202465,2,1.8883748
244,2.569119,0,2.4618468
245,2.8122425,2,2.206794
246,3.137761,1,3.2990978
247,2.28124,1,2.0148194
248,2.4012725,1,2.0037107
249,2.544503,2,2.057507
250,1.9747483,1,1.2670183
251,1.9039531,1,1.6360633
252,1.3410392,1,1.6922259
253,2.5839562,2,1.8464487
254,1.9820206,0,1.5653546
255,1.0177053,1,0.9833584
256,1.6550374,1,1.2884963
257,1.5960586,1,1.4910533
258,1.6352491,2,2.1912334
259,2.7802887,2,2.6475952
260,1.575344,2,1.748791
261,1.5458425,2,1.4900974
262,2.1714945,1,1.2631605
263,2.266234,2,2.086936
264,2.1090438,2,2.2826498
265,1.7682967,2,2.2362638
266,0.5802307,1,1.0989025
267,1.250498,1,1.6433957
268,1.2371228,1,1.8732228
269,1.4955912,1,2.3692453
270,1.7988188,2,2.636496
271,1.9447237,1,2.4425762
272,1.7243121,2,1.7135756
273,1.6424763,1,2.264544
274,2.46251,1,2.506177
275,2.0973883,1,2.5399852
276,1.9473722,2,1.9347227
277,2.2560318,2,2.5001833
278,1.7033184,1,1.877516
279,2.2330527,2,2.6566284
280,1.905692,2,1.8735957
281,2.7063143,2,2.3718462
282,1.8680742,1,1.8342535
283,2.2406192,2,2.3278039
284,2.1347322,1,2.2484865
285,2.578092,2,3.1095786
286,0.9066694,1,1.1983747
287,1.5510986,1,1.5107465
288,1.6125342,1,2.284136
289,1.1118321,1,0.9091085
290,1.5670574,2,1.7019321
291,1.6986127,2,2.331646
292,2.50218,2,2.6382883
293,2.2920265,2,2.37421
294,2.4979064,2,2.2991138
295,2.013854,1,2.234561
296,1.2761918,1,2.0771286
297,1.1990027,1,1.4281659
298,2.5271223,2,2.4810634
299,1.6616997,1,1.7060843
300,2.6859887,1,2.290876
301,1.4463313,1,1.8547869
302,1.960009,2,1.9871595
303,1.731802,2,1.8236216
304,1.3646903,1,1.7037096
305,1.8561294,1,2.2460792
306,2.4635963,2,2.923402
307,2.1502645,1,2.730799
308,2.2715685,2,2.412306
309,2.2231493,1,2.962676
310,2.7993057,2,2.8347216
311,2.1943777,1,2.9024758
312,2.3195193,2,1.9995587
313,2.36138,1,2.7913432
314,1.7159587,1,1.8813701
315,1.6670821,1,1.869457
316,1.7942959,1,1.4821682
317,1.5132108,1,1.1597013
318,2.7726943,2,2.6003542
319,3.2154307,2,3.0782156
320,2.6865404,2,2.3642786
321,1.2755,1,1.2175772
322,2.0346746,1,1.4645395
323,2.9448714,2,2.5268729
324,2.6676364,2,2.2484326
325,3.2379174,2,2.6440864
326,3.040454,2,3.0270128
327,2.5437372,2,2.3120544
328,2.172959,2,1.7862685
329,2.1288097,2,2.3108306
330,2.675888,2,2.3976126
331,2.2656224,1,2.2342923
332,2.544983,2,2.4822001
333,2.4470239,2,2.851999
334,2.944029,2,3.2152185
335,2.515474,2,2.9234157
336,2.8654137,2,2.544792
337,2.0215306,1,1.4271679
338,2.731813,2,2.4178147
339,2.7721968,2,2.7186167
340,3.344839,2,3.1822658
341,2.2948864,2,2.3175864
342,3.1054983,2,3.0181923
343,2.612923,1,2.1604228
344,2.4554062,2,2.1970289
345,2.18936,0,1.5473528
346,2.2907996,0,1.8213463
347,0.93486834,1,0.833518
348,0.93486834,1,0.833518
349,1.0778334,1,0.7789489
350,1.2660807,1,1.084236
351,2.3263679,0,2.0078907
352,2.3824122,1,2.4488487
353,2.3293374,2,1.5327024
354,3.2751603,2,3.079169
355,2.9886024,2,2.8586903
356,3.7765129,2,3.197002
357,2.3781013,2,2.2943504
358,2.8693702,2,2.1019752
359,2.4993227,2,2.2126043
360,2.0771236,1,2.2415764
361,2.1718426,2,2.1517277
362,2.0917091,1,1.8055661
363,1.60284,2,2.112681
364,2.192564,1,1.6259253
365,2.2338336,2,1.5153464
366,2.4353013,2,2.193858
367,1.5415853,1,1.4192936
368,2.2785735,2,1.9826472
369,2.0547056,1,2.1375332
370,2.304917,2,2.123219
371,1.2565999,1,1.1248254
372,1.8589468,1,1.2518432
373,1.8168625,2,1.0720252
374,2.092642,2,2.2078488
375,2.2742198,2,2.1266184
376,2.4512372,0,1.8196931
377,2.9881837,2,2.686291
378,2.7247186,2,2.8806858
379,0.93486834,1,0.833518
380,0.93486834,1,0.833518
381,1.0778334,1,0.7789489
382,1.2660807,1,1.084236
383,4.149952,2,3.6263568
384,3.5563269,2,3.1257658
385,3.2391398,2,3.5891747
386,2.8865767,2,2.2736092
387,3.0585055,2,2.6105568
388,2.916099,2,2.8429053
389,2.826854,2,2.8509402
390,3.3800118,2,3.2543738
391,1.2313683,1,1.2927428
392,3.0078924,1,3.0540917
393,2.8688276,2,3.6560273
394,3.401428,2,3.1374636
395,2.7016842,2,2.7015085
396,2.555068,2,2.5516772
397,2.6818419,2,2.192689
398,2.160873,1,2.1668158
399,2.0242999,2,1.727264
400,2.142623,2,2.081219
401,1.2313683,1,1.2927428
402,1.9572363,1,2.3061976
403,1.5082781,1,2.0931938
404,1.6787558,1,2.1990614
405,1.900033,2,2.0366917
406,2.264791,1,2.212128
407,2.9757009,0,2.1702948
408,3.0383492,1,2.973154
409,2.808434,0,2.2275512
410,2.9196968,1,2.538087
411,2.4138584,1,2.343556
412,2.65112,0,2.452658
413,2.6350427,1,3.3040695
414,2.4434302,1,1.8054152
415,3.5398748,0,2.342653
416,3.0782194,0,1.9545789
417,2.5127537,0,1.9311972
418,3.1963048,0,1.7439582
419,2.5414102,1,2.2144039
420,2.7795968,1,2.4778583
421,0.93486834,1,0.833518
422,0.93486834,1,0.833518
423,3.5425553,2,2.8674963
424,3.1699035,2,2.7170432
425,2.231187,2,1.6767895
426,2.601853,2,2.2054858
427,2.8736367,1,1.9787488
428,4.113734,2,4.320358
429,2.5436473,2,2.3121543
430,1.7295673,1,1.0810089
431,2.173388,2,1.1905673
432,1.7557143,1,1.6413505
433,1.8798134,1,1.4187555
434,2.800328,2,2.91475
435,2.3609347,2,2.1528442
436,1.7307293,2,1.8958023
437,1.987066,2,2.3040135
438,1.9222561,2,2.2499712
439,2.0208628,1,1.7111545
440,1.9468426,1,1.4965057
441,2.064285,2,1.801125
442,1.9305952,2,1.586807
443,2.3914223,2,1.7261763
444,1.8467634,1,1.5799103
445,1.7561541,1,1.3013997
446,2.6162877,2,2.3346307
447,2.0066924,2,1.7821655
448,2.2142446,2,1.7214363
449,1.3972559,1,1.7040031
450,2.4738965,1,1.9422605
451,2.446003,0,1.2844185
452,1.8556833,1,1.498246
453,1.7530007,1,1.2122667
454,1.948526,1,1.9682622
455,0.8169391,1,0.7897309
456,0.93486834,1,0.833518
457,2.2849176,1,1.98757
458,3.6248302,2,3.3074188
459,3.3538747,2,3.5539367
460,2.5214012,2,2.3159423
461,2.9915984,1,2.4371414
462,2.262731,1,1.6444117
463,2.2197227,1,2.6713939
464,1.8221184,1,2.272556
465,2.418624,1,1.9748137
466,1.5136497,1,1.7551749
467,2.8030634,0,2.7407577
468,2.1956425,1,2.6747096
469,3.16853,0,3.0851796
470,1.966805,1,2.1021106
471,2.1251948,1,2.3768892
472,3.038319,2,3.0683055
473,3.8160644,1,3.9437659
474,2.0426931,1,2.1889026
475,2.8287277,1,2.4859872
476,2.0622787,1,2.7801344
477,3.8020508,1,3.1326134
478,2.5154207,2,2.3061292
479,2.5245376,1,2.527336
480,1.9889257,1,1.7142885
481,2.4041653,0,2.285012
482,2.972602,2,0.9287598
483,2.4338312,1,2.121899
484,2.1011114,1,1.65779
485,1.8444957,1,2.2738688
486,2.2193148,2,2.6349866
487,2.4197133,0,2.44019
488,2.2379982,1,2.4230006
489,2.9759536,0,2.7070148
490,1.1945933,1,1.3964732
491,2.0144548,0,1.4468522
492,0.93486834,1,0.833518
493,0.93486834,1,0.833518
494,0.93486834,1,0.833518
495,2.230146,1,1.8251681
496,3.070155,0,2.810128
497,2.665393,1,2.0029967
498,2.2819047,1,2.167087
499,1.9065874,1,1.8937557
500,2.4423468,1,2.4830568
501,2.8847876,2,2.7984436
502,1.9223691,1,1.6864057
503,2.5775738,1,2.4501932
504,1.8853927,2,2.2052493
505,2.3699613,2,2.6637423
506,2.2226837,2,2.1792593
507,1.9232864,1,1.8531387
508,2.0555668,1,2.1940482
509,2.6377087,1,2.6565888
510,2.1957865,1,1.8203168
511,3.0778172,1,3.1405246
512,1.9626846,1,1.5474292
513,2.3317847,1,1.7206483
514,2.515694,2,2.4187157
515,1.9207783,1,1.9072397
516,2.751451,0,2.6013005
517,2.8577652,0,2.8210824
518,2.6476753,0,2.4103189
519,2.2813303,1,2.6063616
520,2.0911567,1,2.5155418
521,2.5182893,1,2.2340922
522,2.390699,0,2.7064705
523,2.6624222,1,2.6474862
524,2.525981,1,2.637764
525,2.5981324,0,2.2729695
526,2.3310132,1,2.8478255
527,3.0121756,1,2.7624652
528,2.4036784,0,1.950491
529,2.5235555,1,2.5702648
530,1.5437053,1,1.9071462
531,2.1859941,1,2.3616745
532,1.8744869,1,1.871485
533,2.9404879,1,2.541745
534,2.7560241,0,2.7277038
535,2.8248832,0,3.0438342
536,2.3907902,1,2.3878963
537,2.8325381,1,2.3248272
538,2.2682364,1,2.937345
539,2.6371853,1,2.3171282
540,2.258594,1,1.8693624
541,1.853045,1,1.5736334
542,1.6868654,1,1.0901401
543,2.131441,1,1.7978454
544,1.70274,1,1.2985774
545,2.129088,1,1.7150837
546,2.2913322,0,1.9888208
547,2.329424,1,1.9718606
548,1.8074404,1,1.43172
549,2.1093943,1,1.4305979
550,1.9961474,1,1.7251968
551,2.8110178,1,2.727506
552,2.4054687,1,2.3899486
553,3.1326256,1,2.3422506
554,2.5122309,1,2.3222902
555,0.810271,1,0.88762105
556,1.3702006,1,1.0889772
557,2.8489428,2,2.9800923
558,3.4257524,2,3.5374117
559,2.6844196,0,3.2218091
560,2.4231071,0,2.562198
561,2.2762623,0,2.2360685
562,3.163267,0,2.7197022
563,2.4051085,1,2.2116227
564,3.1633496,0,2.6198702
565,2.3194656,2,2.2071626
566,2.5062566,2,2.7764542
567,2.3788238,1,2.1716688
568,3.0363712,1,3.1274343
569,2.5689185,1,2.720588
570,2.4983008,0,2.9133244
571,1.2759631,1,1.7497091
572,2.9977229,0,3.4069195
573,3.0243995,1,3.3210702
574,3.056528,1,3.2981493
575,1.4890321,1,1.3612049
576,2.0582583,1,2.2552755
577,2.7633204,2,1.6587591
578,2.1811838,1,1.6631975
579,2.056481,1,2.0406933
580,1.961302,1,1.6051118
581,2.0766556,1,2.7962146
582,2.6164207,0,2.753637
583,1.596232,1,1.6030843
584,2.2156,2,2.2818506
585,1.9799378,1,2.470736
586,1.4505209,1,1.7032061
587,1.4372642,1,1.4558419
588,2.117692,1,2.5004287
589,1.5447755,1,1.0904118
590,1.7786938,1,1.0056568
591,0.93486834,1,0.833518
592,0.93486834,1,0.833518
593,1.0778334,1,0.7789489
594,1.7419652,1,1.8341856
595,2.913383,2,2.8603632
596,2.6122832,2,2.713964
597,2.1529088,2,1.8400993
598,2.1518793,2,2.5445411
599,3.1885676,2,2.4703584
600,2.6921434,1,2.6230233
601,2.5138617,2,1.7692394
602,2.6351376,1,2.6758235
603,1.7813174,2,1.6723163
604,2.2129614,2,1.9784112
605,2.1220238,1,2.3633301
606,2.2571392,0,1.8591826
607,2.975893,2,2.227746
608,2.8937407,2,2.5768754
609,2.3547685,1,1.6638513
610,2.2073479,1,2.1961234
611,2.54389,1,1.9933894
612,2.3983831,2,2.5152032
613,2.19914,2,2.4595106
614,2.71779,2,2.8434842
615,2.67028,1,3.034926
616,2.2751985,1,2.274159
617,2.4808316,0,1.4719098
618,2.573055,0,2.2133837
619,1.5099958,2,1.6624601
620,1.5603678,2,1.4614117
621,2.0355604,2,2.0072513
622,2.264833,2,1.8201324
623,1.8743805,0,1.1314385
624,1.9549402,0,0.7080349
625,0.93486834,1,0.833518
626,0.93486834,1,0.833518
627,1.2660807,1,1.084236
628,2.2709718,1,1.738703
629,3.124103,1,2.562692
630,2.0213656,1,2.6935859
631,2.5153377,0,2.7478232
632,2.607976,0,2.1844702
633,2.6498213,0,2.383061
634,0.9978581,1,0.12682718
635,2.6797814,0,2.224444
636,2.6782455,2,2.9072728
637,3.3827505,2,3.144317
638,2.6790493,1,2.6460006
639,2.6238914,1,2.5332215
640,2.0525947,1,2.4387486
641,2.4916286,1,1.716501
642,1.577831,1,0.8749947
643,2.2544563,1,1.7489069
644,1.5929744,1,1.2583978
645,1.8439057,1,1.2216783
646,1.737426,1,2.5100458
647,2.2525952,1,1.9242024
648,1.4731361,1,2.1045334
649,2.4881663,1,2.451891
650,2.300933,1,2.362967
651,2.9891376,1,3.253892
652,2.478199,1,2.932581
653,2.732153,1,2.1841938
654,2.045542,0,1.6700366
655,2.4158468,0,1.9540348
656,1.4531505,1,1.266757
657,2.0522876,0,1.50782
658,0.93486834,1,0.833518
659,0.93486834,1,0.833518
660,1.5921569,1,1.4700623
661,1.5013267,1,1.8258872
662,1.4957974,1,1.4436705
663,1.2129005,1,1.3474371
664,0.93486834,1,0.833518
665,0.93486834,1,0.833518
666,1.6423316,1,1.1563768
667,1.1408198,1,1.4615645
668,0.9562185,1,1.0062846
669,1.5941591,1,1.5734727
670,1.9456873,1,1.4030458
671,2.0008383,1,1.355881
672,1.4000916,1,0.82823265
673,1.7220659,1,0.9883949
674,1.2917174,0,1.3624277
675,2.0384004,0,1.5965672
676,1.6506596,1,1.1268659
677,2.007064,1,1.7984848
678,0.9562185,1,1.0062846
679,1.9514675,1,2.1383696
680,1.9654491,0,0.9159376
681,2.251392,1,1.7194502
682,1.3916254,1,1.5597436
683,1.4145672,1,1.2649031
684,1.8364365,1,1.6888506
685,2.203874,1,2.1721113
686,1.6881759,1,1.2803006
687,1.0778334,1,0.7789489
688,1.6746743,1,1.6507947
689,2.0196528,1,1.4717724
690,1.8189446,1,1.8538766
691,2.3481486,2,2.46975
692,2.3498387,2,2.7332034
693,2.4408915,2,2.850904
694,2.387588,2,2.1735291
695,2.698341,2,3.0958617
696,3.2053008,2,3.4550455
697,2.7748656,2,2.4916592
698,2.5620499,2,3.22957
699,1.9618274,1,1.7212412
700,2.352716,2,2.756486
701,2.0216002,2,1.8209202
702,2.1900506,1,2.0871766
703,2.0495572,1,2.1003816
704,2.4330318,1,2.7623327
705,1.9362345,1,1.2961073
706,2.4315057,2,2.5294428
707,2.8372526,2,2.8216984
708,3.1850717,2,3.2310512
709,1.7866602,1,1.6431679
710,2.4595737,1,2.4760032
711,1.7640754,1,1.4644532
712,2.6710548,1,0.9969966
713,2.3004336,2,1.593359
714,2.4623833,2,0.97628236
715,0.9834876,1,1.4419711
716,2.1422405,1,1.4935741
717,1.8398889,1,1.8277528
718,1.8468616,1,1.8002169
719,1.5499381,1,1.3770103
720,1.9963042,1,1.9465306
721,1.8685015,1,1.1392578
722,2.0047677,0,1.3035412
723,0.93486834,1,0.833518
724,0.93486834,1,0.833518
725,1.438978,1,0.9204641
726,3.13588,2,2.7244868
727,2.6949177,2,2.5691783
728,2.3622391,2,1.7951801
729,2.9900193,2,2.6077309
730,2.0476518,2,1.8906758
731,2.5902324,2,2.2846134
732,2.5173557,2,2.5722048
733,2.3457434,2,2.4695837
734,2.9010482,2,3.092433
735,3.1646142,2,2.8681743
736,1.9850566,1,1.7217717
737,1.496338,1,2.000626
738,2.3899455,2,1.5870848
739,2.057554,1,2.0541117
740,2.206953,2,2.045606
741,2.102881,1,2.5693684
742,2.5397377,2,2.471918
743,2.1536508,2,2.5412195
744,2.6435037,2,3.0638256
745,0.6700335,1,0.6671622
746,1.8309635,2,1.6325362
747,3.0287898,2,2.7158628
748,3.3965054,2,2.8048778
749,1.6667614,1,1.8452728
750,2.7784243,1,2.6772256
751,2.8997598,2,2.7441022
752,2.6287374,2,2.9521961
753,1.1339904,1,1.2697921
754,2.1913362,1,2.1407185
755,0.93486834,1,0.833518
756,0.93486834,1,0.833518
757,1.1825328,1,1.0668932
758,3.112719,2,2.4299736
759,3.7464614,2,3.4879398
760,2.828989,2,2.7052655
761,2.32566,1,1.8328791
762,2.1478322,1,0.9321416
763,1.7182155,1,1.5082171
764,2.5224054,2,2.4065316
765,2.9146895,2,2.1965134
766,3.7387748,2,2.3796177
767,3.1921902,2,2.2065396
768,2.6176617,2,2.2989113
769,2.6498816,1,2.6330194
770,2.7509046,1,2.7936826
771,2.1935117,1,2.2602015
772,3.1350553,2,2.7870612
773,3.025086,2,2.575412
774,2.7958179,2,2.033594
775,2.8136191,2,1.6835151
776,2.7491527,2,2.2390187
777,3.0672498,2,3.0505183
778,2.7510648,2,2.6551979
779,2.2468367,1,2.235763
780,2.7512474,2,2.5226839
781,1.990109,2,2.5530548
782,2.1143162,2,1.6835549
783,2.2190685,1,1.9278424
784,1.8585684,1,1.8310057
785,2.3076456,0,2.3136873
786,2.3438935,1,2.7553465
787,1.7961314,1,1.4657142
788,2.5282795,0,1.8741293
789,2.198259,1,2.6466014
790,2.660768,1,2.7058318
791,2.7701297,2,2.7608078
792,2.145182,2,2.398029
793,2.3830514,1,1.5508986
794,3.1333418,2,2.1491783
795,3.7310913,2,3.4108944
796,2.4714007,0,1.9786456
797,2.2704263,0,1.9629755
798,1.7611427,0,1.2861266
799,1.8754683,0,0.95906353
800,0.93486834,1,0.833518
801,0.93486834,1,0.833518
802,0.93486834,1,0.833518
803,0.810271,1,0.88762105
804,2.4411888,2,2.1801927
805,3.4626942,2,3.7911315
806,3.7403286,2,3.5655363
807,1.0623188,1,1.0350716
808,2.8029327,1,2.4575903
809,2.9996963,2,3.0118842
810,3.8150225,2,3.0430863
811,2.0728354,1,2.1635978
812,3.3142376,2,2.5094628
813,2.4895227,1,3.093543
814,2.2120295,1,2.278046
815,2.1719546,1,2.1937628
816,2.5259585,1,2.8636065
817,2.3115172,2,2.1277401
818,3.1335514,2,3.2968354
819,2.330967,2,1.7577629
820,3.074475,2,2.3029442
821,1.6626205,1,1.7608914
822,2.7994175,1,2.9044552
823,1.621,0,1.5226321
824,2.0231876,1,1.9783244
825,2.0337975,0,1.7944247
826,2.8804207,1,1.9297919
827,2.5050669,2,1.8866477
828,1.9573878,1,2.3044796
829,1.0623188,1,1.0350716
830,3.0743687,2,2.786808
831,2.3356872,0,1.7430944
832,2.9791288,0,2.893105
833,0.6610006,1,0.98352003
834,2.6330705,0,2.2811832
835,1.4448917,0,1.3151202
836,1.9725325,0,1.9654243
837,1.0623188,1,1.0350716
838,2.3664608,1,1.8897593
839,0.93486834,1,0.833518
840,0.93486834,1,0.833518
841,1.8170925,1,1.6711345
842,3.2430375,2,3.7613516
843,3.4193249,2,3.0694108
844,2.550117,2,2.6121771
845,3.4340427,2,3.337653
846,0.9293355,1,1.3396206
847,2.240128,2,2.1683965
848,2.1140697,1,2.099638
849,1.7150354,1,2.0938168
850,1.3262796,1,1.4206655
851,2.3534012,1,2.7644002
852,2.3386812,2,2.25116
853,2.168677,2,1.4264047
854,2.449691,2,2.0592577
855,2.3540196,1,2.4716914
856,2.3433833,1,2.4855082
857,3.114648,2,2.768336
858,1.308696,1,1.609539
859,2.8233385,2,2.8739889
860,2.7196167,2,2.2243502
861,3.7342784,2,3.5271854
862,2.2772236,1,2.4741473
863,1.8278635,1,1.4929101
864,2.3035085,0,1.4083459
865,1.6780596,0,1.5223362
866,1.0705601,1,1.1449249
867,1.7205172,1,1.0374858
868,3.099143,2,3.0299087
869,2.9456682,2,2.8371794
870,3.1718836,2,3.0846348
871,3.7041411,2,3.2386084
872,1.6515452,1,1.4790709
873,2.221886,0,1.3959851
874,0.93486834,1,0.833518
875,0.93486834,1,0.833518
876,1.7802175,1,1.7930895
877,1.5722132,1,1.6282015
878,0.93486834,1,0.833518
879,0.93486834,1,0.833518
880,0.93486834,1,0.833518
881,0.810271,1,0.88762105
882,1.8848048,1,1.8048368
883,2.6174421,2,3.1228158
884,2.8494961,2,3.23601
885,2.3984463,2,2.6664858
886,3.2892241,2,3.4761255
887,2.277759,1,1.5322654
888,2.3545094,1,2.61581
889,1.9311748,1,2.203852
890,2.9284396,1,2.8911176
891,1.0623188,1,1.0350716
892,2.3324976,1,2.1515865
893,1.9257298,1,2.133116
894,2.236802,1,2.6196005
895,1.887449,0,1.8160429
896,2.5260568,0,2.4293544
897,2.0533319,1,1.2896394
898,2.7018735,1,2.7657144
899,1.9045801,1,1.7315733
900,2.1942763,1,1.7593579
901,2.06182,1,2.2214391
902,2.3913832,1,2.6821525
903,1.0623188,1,1.0350716
904,2.7577758,2,2.5294685
905,1.5582386,1,1.8133724
906,2.231619,1,2.251883
907,0.93486834,1,0.833518
908,1.2855961,1,1.0373887
909,0.9580862,1,0.82600415
910,2.0065532,1,1.6433113
911,1.5101922,1,1.4422238
912,2.3723712,0,1.8481262
913,1.9852071,2,1.9387019
914,3.0012321,0,2.6007133
915,1.5337689,1,1.4543991
916,2.1149948,0,1.6557081
917,2.301823,1,1.837832
918,2.4816055,1,1.8476262
919,1.244711,1,1.0534538
920,2.4504564,0,1.6207364
921,0.93486834,1,0.833518
922,0.93486834,1,0.833518
923,1.0233788,1,0.94594336
924,3.4108982,2,2.86827
925,5.0671425,2,4.211955
926,2.1999903,2,2.5181737
927,2.958605,2,2.28153
928,2.6641526,2,2.459118
929,2.9551506,2,3.3914917
930,1.8833551,2,2.324582
931,3.0053802,2,3.0996947
932,2.1414893,1,2.1626346
933,2.885254,0,3.227345
934,2.2238333,1,2.030297
935,2.1721516,1,3.1186082
936,1.6426755,1,2.0016077
937,2.971798,2,2.7862155
938,2.4180944,2,2.3404937
939,2.8562732,2,3.1129923
940,1.51104,0,1.7908142
941,2.2790549,1,3.081901
942,1.9076118,1,2.173588
943,2.2115362,1,2.8727212
944,0.93486834,1,0.833518
945,1.2574955,1,1.0743369
946,1.1387608,1,2.0532458
947,1.707699,0,2.2954986
948,1.3218421,1,2.1181424
949,2.208469,1,2.6297405
950,1.432957,1,1.9094992
951,2.3171723,1,2.452666
952,0.8697687,1,0.9011952
953,1.9461682,1,1.9154065
954,2.8242042,2,2.5861237
955,2.7089305,2,3.0628176
956,2.9694104,2,2.319892
957,2.9159648,2,2.4475324
958,0.93486834,1,0.833518
959,0.93486834,1,0.833518
960,1.1923301,1,1.395929
961,1.2966528,1,1.0837395
962,1.8978527,1,2.4249387
963,1.7632892,1,1.3661876
964,2.1289482,1,2.5604713
965,2.2022843,2,2.6104882
966,2.0365553,1,1.5267822
967,2.8479366,2,2.0879493
968,2.0378764,1,2.3889775
969,2.2865148,1,1.7772801
970,0.9095932,1,1.0568937
971,2.642031,2,2.4549458
972,2.2606027,1,2.4542515
973,2.8842556,1,2.5752723
974,2.452308,1,1.9313102
975,2.2757668,1,2.0770018
976,1.0623188,1,1.0350716
977,1.7430396,1,1.2495273
978,0.7956949,1,1.2282377
979,1.1993543,1,1.3780038
980,0.9580862,1,0.82600415
981,1.6136028,1,1.4602033
982,1.9626354,1,1.6472747
983,2.7899628,2,1.8693817
984,2.6429687,2,2.395615
985,2.1423354,2,1.9826779
986,3.289114,2,2.908
987,2.5200987,2,2.903
988,2.4676712,2,2.2423518
989,3.2681859,2,3.5419567
990,2.4996643,1,2.5746188
991,2.6972365,2,2.2004774
992,2.4842007,1,2.5184994
993,2.4598863,1,2.2893696
994,3.5358768,2,3.299738
995,2.8414452,2,3.271941
996,2.6516654,2,2.6186397
997,2.471326,2,2.6121693
998,3.2055674,2,2.896555
999,2.159298,1,2.7596617
1000,2.8232348,2,2.3983214
1001,1.9408841,1,2.175531
1002,3.138034,0,2.7714493
1003,1.1434581,1,1.2263395
1004,2.0795338,1,1.78941
1005,3.8970566,2,3.431506
1006,3.041476,2,2.2433026
1007,3.3652215,2,2.6777222
1008,3.4251168,2,2.167949
1009,2.5073009,1,2.2429826
1010,3.0388572,2,3.1172278
1011,2.9578755,1,2.4770806
1012,2.3508651,1,2.2044005
1013,1.4284633,1,1.2232028
1014,2.1108856,1,1.4053919
1015,1.6072054,1,1.9025352
1016,1.6394224,1,1.7234505
1017,1.4284633,1,1.2232028
1018,2.0511823,1,1.3387198
1019,2.4479814,1,2.0015965
1021,2.610932,2,2.6856136
1023,2.6899862,2,2.3441923
1025,2.6488147,2,2.2838478
1027,2.5985012,2,2.5280101
1029,1.5065742,2,1.9946642
1031,1.9099914,1,2.523866
1033,2.2435365,2,2.1375308
1035,1.3235792,1,1.645819
1037,1.6494697,1,1.7496495
1039,2.257574,2,2.0112991
1041,1.8195492,1,2.5026891
1043,2.0244205,2,2.2970777
1045,1.0995646,1,2.1103225
1047,1.9418828,1,2.5716302
1049,1.953984,1,1.929672
1051,1.6865343,1,1.1700671
1053,1.575193,1,1.7906659
1055,1.3406714,1,1.8201578
1057,2.377093,2,1.829344
1059,2.7553935,2,2.6998396
1061,2.2568727,2,1.7293897
1063,1.9133487,1,1.8833675
1065,2.2235398,1,1.5862509
1067,3.3291304,2,3.252764
1069,2.5138962,0,1.9204836
1071,2.3255117,1,1.4434123
1073,2.5124743,2,2.6374767
1075,1.9596467,1,1.9606907
1077,2.9980042,2,3.0885334
1079,2.220781,2,2.2121592
1081,1.9038026,0,2.3264966
1083,1.8397079,0,2.0258582
1085,1.9649185,1,2.1433825
1087,1.6571347,1,2.1902966
1089,1.5750501,1,1.4673014
1091,2.3736606,2,2.7512636
1093,2.3977275,1,2.8609657
1095,2.431217,0,2.270145
1097,1.7717991,1,2.1839979
1099,1.1088142,1,1.0201135
1101,1.7044983,0,2.4477084
1103,2.190161,1,2.4897676
1105,2.9019914,2,2.222199
1107,1.9596467,1,1.9606907
1109,2.185598,1,1.3871653
1111,2.4313073,2,1.775027
1113,2.4052894,2,2.3563924
1115,1.1443343,1,2.3395517
1117,1.9003586,1,1.7091649
1119,2.4726892,1,2.4620054
1121,2.3126013,2,2.2385273
1123,1.2113001,1,1.0314294
1125,0.93486834,1,0.833518
1127,0.93486834,1,0.833518
1129,1.1666348,1,1.1795216
1131,2.1865354,1,2.1571336
1132,2.162337,1,2.132403
1133,2.2878175,2,1.9685867
1134,2.191823,1,2.221086
1135,2.2953978,2,2.3226962
1136,2.8725,1,2.681178
1137,2.1181638,1,2.5949128
1138,1.9211496,1,2.3016536
1139,2.0285733,1,1.9922991
1140,2.4546921,2,2.3224266
1141,1.7557673,1,1.9921598
1142,2.1441193,1,2.6285386
1143,1.2055706,1,1.9511421
1144,2.0322337,1,2.2815394
1145,1.993927,2,1.6815529
1146,2.1338491,2,1.7651452
1147,2.365242,2,2.2352083
1148,2.107955,1,2.172752
1149,2.039125,1,1.5528519
1150,2.0685043,1,2.2479308
1151,1.8350403,1,1.9813797
1152,2.317542,1,2.0931783
1153,3.1391919,2,2.75104
1154,2.6102617,1,2.7036464
1155,3.0676503,2,2.3789854
1156,2.3607075,1,2.5136113
1157,2.1126962,1,1.7157841
1158,1.8972039,1,2.1921744
1159,1.8285888,1,1.2873913
1160,1.8336968,1,1.3525178
1161,1.5304914,1,0.99081206
1162,1.9055586,0,0.80168426
1163,0.93486834,1,0.833518
1164,0.93486834,1,0.833518
1165,0.810271,1,0.88762105
1167,2.0335815,1,1.3620975
1169,2.1666057,0,2.1111588
1171,1.5868108,1,1.4263325
1173,1.7917557,1,1.8691041
1175,2.6361005,0,2.424951
1177,1.9689054,1,2.3210025
1179,0.63758093,1,0.56292295
1181,1.0623188,1,1.0350716
1183,1.9945761,2,1.6830652
1185,1.323209,1,1.213204
1187,2.0539591,1,2.1401362
1189,1.887026,1,1.5156033
1191,1.6168773,1,0.78274536
1193,2.8095326,2,1.8169109
1195,2.1973493,1,1.8581009
1197,1.6111698,1,1.6223941
1199,1.9542593,1,1.7723287
1201,2.2631822,2,1.3124459
1203,2.1855953,1,2.2778504
1205,1.0052533,1,1.2315829
1207,2.3455124,1,1.7711611
1209,3.0530555,0,2.1052086
1211,2.1010118,1,2.081097
1213,2.6317039,2,2.5608983
1215,2.7182636,2,2.095307
1217,1.7327662,1,1.6913819
1219,3.189868,2,3.0748541
1221,1.6424651,1,1.6118853
1223,1.7833357,1,2.1506798
1225,2.4876533,1,1.44522
1227,2.7610924,1,1.5733783
1229,2.616054,2,2.160071
1231,1.4261347,1,1.2486775
1233,0.83605856,1,0.8913124
1235,0.93486834,1,0.833518
1237,0.93486834,1,0.833518
1239,0.93486834,1,0.833518
1241,2.1104312,1,1.8045282
1242,1.4485621,1,1.3765216
1243,1.6547865,1,2.0527277
1244,1.9691976,1,2.239065
1245,1.613006,1,2.506531
1246,2.5513835,1,2.4084992
1247,1.2830615,1,1.1921612
1248,2.7518072,2,2.2902706
1249,2.8680613,2,2.6350243
1250,1.1540675,1,0.9597788
1251,2.2247343,1,1.992037
1252,2.8490992,2,1.9895704
1253,3.1502569,2,1.9817457
1254,1.5787318,1,1.5491192
1255,2.51787,0,1.5731223
1256,2.9742491,0,2.316028
1257,3.2458196,2,2.2310433
1258,1.8874992,0,1.4099305
1259,0.93486834,1,0.833518
1260,0.93486834,1,0.833518
1261,3.7828817,2,3.715071
1263,3.6774306,2,3.068572
1265,3.1932354,2,3.2231755
1267,2.5379183,2,2.0631185
1269,3.4194188,2,3.4889882
1271,2.1310186,1,2.1705644
1273,2.8455148,2,1.8703167
1275,3.0795774,2,1.8566995
1277,2.3083644,1,2.2632
1279,2.4289846,1,2.242405
1281,2.9393814,2,2.4494278
1283,2.8337393,2,2.6709569
1285,2.7241945,2,2.329458
1287,2.467709,2,2.1284096
1289,2.8079693,2,2.5854566
1291,3.279795,2,2.1797888
1293,2.2478049,0,2.2756453
1295,2.7113547,2,2.3275142
1297,3.2862504,0,2.5927012
1299,2.2879589,0,2.008942
1301,3.1267853,0,2.285676
1303,3.2951627,0,2.595721
1305,3.6967547,0,3.7963448
1307,3.0775504,2,2.9256706
1309,2.992622,0,2.5919352
1311,2.4130106,2,1.8033162
1313,2.6871808,1,2.730846
1315,3.1326556,2,2.6301134
1317,1.3880303,1,1.2437207
1319,1.6823201,0,1.1152748
1321,0.93486834,1,0.833518
1323,0.93486834,1,0.833518
1325,2.4982514,2,2.61056
1326,2.990119,2,2.8821542
1327,3.4323792,2,3.1916187
1328,2.5631762,1,2.808344
1329,1.5004001,1,0.7601364
1330,0.9905824,1,0.23925841
1331,1.2803556,1,1.0788056
1332,2.0429246,1,1.7376776
1333,2.5328355,1,1.7114174
1334,3.1247776,2,2.6168523
1335,2.9633927,2,2.2243133
1336,2.1638288,1,2.1149235
1337,3.1967537,2,2.4827197
1338,2.6980758,2,2.3488832
1339,1.8095276,1,1.6961751
1340,1.556421,1,1.4316671
1341,1.7639213,1,2.0919755
1342,2.6403263,1,2.23711
1343,1.995225,1,1.8425455
1344,2.1403804,1,1.6950672
1345,1.9962769,1,1.8327382
1346,2.4074569,2,1.9483933
1347,3.2231934,2,2.8529751
1348,2.937765,1,2.8433263
1349,2.5446897,2,2.8212178
1350,2.340901,1,2.5100768
1351,1.8081267,1,1.3446422
1352,1.2523171,1,0.7067487
1353,0.93486834,1,0.833518
1354,0.93486834,1,0.833518
1355,1.04708,1,1.0317972
1357,4.5980463,2,3.4039826
1359,2.490767,1,2.1769204
1361,2.830527,2,2.2334065
1363,2.7240853,2,2.7455997
1365,1.3393066,1,1.3681145
1367,2.4055216,2,1.7619174
1369,2.7101276,2,1.6914858
1371,1.5224764,1,1.2198198
1373,2.5057425,2,2.603401
1375,2.5404212,1,2.6936216
1377,2.578279,2,2.662273
1379,2.3103018,1,1.9542696
1381,2.5443246,1,2.1335163
1383,2.509739,2,2.662868
1385,2.7628016,2,2.5335093
1387,3.2118366,2,2.8835156
1389,3.4212675,2,2.5661716
1391,2.4494486,2,2.3725526
1393,1.7358625,1,1.4317839
1395,2.8130093,2,1.8849213
1397,2.952252,2,2.3963873
1399,3.2584863,2,2.6294348
1401,3.821129,2,1.8068088
1403,2.8588977,2,2.0558207
1405,3.1815422,2,2.955696
1407,3.2056992,2,2.6692169
1409,2.8825111,2,2.3998854
1411,2.7897065,1,1.8618217
1413,1.8339201,0,1.0799062
1415,1.035203,1,0.8767451
1417,1.035203,1,0.8767451
1419,1.3862762,1,0.6693208
1421,3.225623,2,2.896756
1423,2.9595084,2,3.292511
1425,2.4630177,2,2.2530518
1427,1.8397055,1,0.0064181685
1429,2.9320564,2,2.1157017
1431,1.3490247,1,0.8455468
1433,2.5694137,0,1.3110896
1435,2.8682995,2,2.9631882
1437,2.330774,2,2.2738008
1439,1.9246521,1,1.6695015
1441,2.7029505,2,1.8199353
1443,0.7767728,1,1.2925336
1445,2.9285736,2,1.7273096
1447,1.8575293,1,1.1469035
1449,2.8392491,2,2.1182392
1451,2.4045565,2,1.895647
1453,2.5977788,2,2.339981
1455,2.5544183,2,0.47290573
1457,2.4495273,2,1.8240533
1459,2.3359764,2,1.3194132
1461,2.5885856,2,2.6338434
1463,3.2580433,0,3.1040092
1465,2.5800414,1,2.45837
1467,1.8540541,0,2.1115422
1469,2.5694895,1,2.3621237
1471,2.8088646,2,0.8374088
1473,2.996925,2,2.7708137
1475,3.1648145,2,3.214321
1477,2.503151,1,1.9075773
1479,0.93486834,1,0.833518
1481,0.93486834,1,0.833518
1483,3.037005,2,2.466518
1484,2.402594,2,2.1666136
1485,2.382576,2,1.8188518
1486,2.784259,2,2.8992321
1487,2.0681062,1,1.7915227
1488,2.1557245,2,1.7849545
1489,1.6243675,1,0.8983341
1490,2.6656394,2,2.7285116
1491,3.216155,2,2.2246487
1492,2.8203797,2,2.3227782
1493,2.714178,2,2.340753
1494,3.1427248,2,2.3689167
1495,2.3553905,1,2.8447745
1496,1.9034411,1,2.732542
1497,1.6997323,0,1.6095018
1498,2.3680496,0,2.1955767
1499,2.7032876,1,2.808187
1500,2.5645518,1,2.221156
1501,2.1945598,1,1.6714041
1502,3.2544289,2,3.3563166
1503,2.0606186,2,1.8429985
1504,1.7866675,1,1.9226203
1505,2.9450185,2,2.484849
1506,3.4409761,2,2.9447258
1507,1.7336559,1,1.8737369
1508,2.5987105,2,2.0390153
1509,2.7150912,1,3.1545703
1510,3.5224788,2,2.6607172
1511,3.705132,2,3.2818666
1512,3.4947467,2,2.9482112
1513,1.965865,1,1.6379488
1514,3.3267558,1,3.1056108
1515,1.642331,1,1.6974933
1516,1.9146676,1,1.7054812
1517,1.6437974,0,0.7946173
1518,2.167715,0,1.4474282
1519,1.3167921,1,1.1662874
1520,1.059705,1,1.0899625
1521,1.3322015,1,1.2498753
1522,1.3036213,1,1.1319757
1523,0.93486834,1,0.833518
1524,0.93486834,1,0.833518
1525,1.7016023,2,1.7672822
1526,2.4587593,2,2.882521
1527,3.2610676,2,3.4880252
1528,1.0581158,1,1.3546324
1529,2.0087318,2,2.2931728
1530,2.8044748,2,2.3078625
1531,3.0043216,2,3.0246828
1532,1.4196169,1,1.2893304
1533,2.0452678,2,1.8837092
1534,2.3403018,2,2.5080948
1535,1.9808077,1,1.9443669
1536,1.651159,1,1.7776308
1537,2.4191208,2,2.6344259
1538,2.1402333,2,2.2855666
1539,2.615126,2,2.5058265
1540,2.832586,2,3.0711846
1541,2.7014105,2,2.5657995
1542,1.9372656,1,1.9421353
1543,2.4803896,1,1.7403064
1544,2.2941604,2,2.2645414
1545,2.5230873,2,2.676705
1546,2.1081538,2,2.6053522
1547,2.603218,2,2.4952648
1548,1.4366331,1,1.3531065
1549,2.5160172,1,2.7152574
1550,2.0955043,2,2.113373
1551,2.1636343,1,2.4936366
1552,1.8817182,1,2.0086257
1553,2.575886,1,2.2761667
1554,1.9264358,1,1.6585995
1555,2.5791585,2,2.542528
1556,1.8140838,1,1.4707828
1557,1.9959171,1,1.6724094
1558,0.93486834,1,0.833518
1559,0.93486834,1,0.833518
1560,0.93486834,1,0.833518
1561,1.0752325,1,1.1986294
1562,2.0203788,2,1.9446895
1563,3.7024746,2,3.2510204
1564,3.093674,2,2.7521422
1565,2.3060966,2,2.6782463
1566,3.0317001,2,2.9416442
1567,2.24667,2,2.8335352
1568,2.7147195,2,2.856629
1569,1.8526394,1,2.1882212
1570,2.281261,1,2.2581756
1571,1.8998903,2,2.117621
1572,2.5015879,2,3.2070515
1573,0.98208165,1,0.8673695
1574,2.7421582,1,2.8066983
1575,1.7208568,1,1.9244702
1576,1.7253892,1,1.7819427
1577,2.0254383,2,1.9388626
1578,2.6288135,2,2.8181584
1579,2.4377701,2,2.4438741
1580,2.387884,2,2.731842
1581,1.9037973,2,2.300629
1582,2.529569,1,2.5456405
1583,2.159669,0,2.025635
1584,2.2019277,1,2.0322995
1585,3.0227985,2,2.7376962
1586,3.261592,2,3.2833278
1587,2.6572628,1,2.7469687
1588,1.8843696,1,1.6465199
1589,2.846138,2,2.798567
1590,2.1654336,2,1.9893355
1591,1.3838671,0,1.9147768
1592,2.2801359,1,2.670778
1593,0.93486834,1,0.833518
1594,0.93486834,1,0.833518
1595,2.0344062,1,1.9307535
1596,2.8053415,2,2.6528387
1597,2.604271,2,2.9140785
1598,1.38499,1,1.5145941
1599,2.5383344,2,3.1931841
1600,2.2860155,2,2.1129372
1601,2.3950927,1,2.3812919
1602,2.2861037,1,2.5270107
1603,1.9710367,2,1.9551697
1604,1.6726894,1,1.6621222
1605,1.7599707,1,1.6280341
1606,1.982081,1,2.1183586
1607,2.4261403,1,1.7496822
1608,2.3995388,2,2.6361554
1609,2.335808,2,2.6529155
1610,2.7152362,2,2.7545993
1611,2.8217459,1,2.66318
1612,2.4822612,2,2.137218
1613,2.7748842,2,3.0196466
1614,2.1641827,2,2.8535469
1615,2.065157,2,2.4270163
1616,2.3311808,2,1.9313426
1617,2.9838033,2,2.9491007
1618,2.6833897,2,2.7544713
1619,2.8012252,2,2.8647563
1620,2.3223138,1,2.6599047
1621,2.0771916,1,2.269554
1622,2.2151527,1,2.9242806
1623,2.6501334,1,3.1545835
1624,1.8044072,1,1.4217067
1625,3.0351987,2,2.896573
1626,1.8799932,0,1.091485
1627,2.3894956,1,1.9683542
1628,0.93486834,1,0.833518
1629,0.93486834,1,0.833518
1630,0.93486834,1,0.833518
1631,1.9669287,1,1.961344
1632,3.1804383,2,3.013679
1633,3.0378053,2,2.817301
1634,2.6148162,2,2.6404004
1635,2.1001782,1,2.0749207
1636,2.3733532,2,2.3363497
1637,2.7494736,2,2.7062414
1638,2.7023554,2,2.844766
1639,2.1623373,1,2.3483887
1640,3.2887945,2,3.4022348
1641,2.6150103,2,2.9615064
1642,2.7621608,2,2.4186282
1643,2.3813572,1,2.5821147
1644,1.8690304,2,1.9901464
1645,2.6723027,2,2.6166577
1646,3.163947,2,2.547335
1647,2.311369,2,1.9336011
1648,2.3860605,2,2.8258135
1649,1.6934373,1,2.2975988
1650,1.4652836,1,2.3514273
1651,2.3474164,1,2.76503
1652,2.4665577,2,2.4474685
1653,2.8071036,2,2.8898883
1654,2.3787265,2,2.7925177
1655,3.1956823,2,2.9936566
1656,2.8059824,0,2.9774053
1657,2.6792023,0,2.7771292
1658,2.5341113,0,2.7801976
1659,2.8202667,1,2.6155164
1660,2.7315483,1,2.6802855
1661,1.724575,1,2.4732575
1662,2.692235,1,2.859929
1663,2.3512104,2,1.8972416
1664,1.6803653,1,1.1026777
1665,2.0791345,0,1.1821394
1666,0.93486834,1,0.833518
1667,0.93486834,1,0.833518
1668,0.93486834,1,0.833518
1669,2.2934675,1,1.9783759
1670,2.500495,2,2.8075252
1671,2.2730575,2,2.8682942
1672,3.1309123,2,2.9127536
1673,2.4694107,2,2.037468
1674,2.078897,1,2.1889246
1675,2.699544,2,1.9138174
1676,2.4136643,2,2.829806
1677,2.230625,2,2.43691
1678,3.2529993,2,2.9838023
1679,2.3909101,2,2.0674512
1680,2.4747381,1,2.72403
1681,2.4837632,2,2.2967052
1682,1.1064566,1,1.507637
1683,2.407808,1,1.8218901
1684,3.2544587,0,2.0737903
1685,3.0276747,2,2.6030715
1687,0.89372367,1,1.5574844
1689,2.5131764,2,2.507318
1691,1.9950111,1,1.3837614
1693,2.0281622,2,1.9264982
1695,1.6595763,1,1.8375955
1697,1.8345072,1,1.8190103
1699,2.2797933,1,2.1421232
1701,2.906343,2,2.8281066
1703,3.5743203,2,2.8603132
1705,2.6044366,2,2.3662531
1707,2.6357405,2,2.9785185
1709,2.5624363,2,1.9303269
1711,2.467362,1,2.0251496
1713,2.4722657,0,2.9107323
1715,2.9399877,2,2.483198
1716,2.7682219,2,1.7123559
1717,2.3436575,1,1.4957507
1718,2.9413066,2,1.8778813
1719,2.7564538,2,2.46432
1720,2.9284587,2,2.3382714
1721,3.2143004,2,2.7371469
1722,2.7526662,2,2.4166014
1723,2.7621074,1,2.7080686
1724,2.3017151,1,2.2049267
1725,1.9268169,1,2.0216134
1726,2.4687135,1,2.27935
1727,2.5401363,1,3.1732173
1728,2.475478,1,3.1349914
1729,2.3293853,2,2.4072587
1730,2.1290174,1,2.134929
1731,2.8564005,2,2.6886117
1732,2.8285594,2,2.5352795
1733,2.675807,2,2.0574474
1734,2.4047508,1,1.638474
1735,2.6822393,2,2.1831646
1736,2.7807503,1,2.5002122
1737,2.1830437,2,1.8499534
1738,2.5826738,2,2.0417633
1739,2.6195312,1,2.1875532
1740,2.751193,2,2.5456617
1741,2.4732323,2,2.4983056
1742,2.7120116,2,2.4221492
1743,2.409113,2,2.9410625
1744,2.3533864,2,2.0605204
1745,1.7305312,1,1.2058389
1746,1.9426272,0,1.0382968
1747,0.93486834,1,0.833518
1748,0.93486834,1,0.833518
1749,1.8417642,1,1.989044
1750,3.3825378,2,3.4311671
1751,2.6679454,2,2.5299203
1752,2.5283484,2,2.610363
1753,1.9673169,1,1.7397635
1754,2.254623,2,1.4988172
1755,1.8199949,2,1.6253574
1756,3.1878169,2,3.3446894
1757,1.3936031,1,1.4542277
1758,2.1951985,2,2.0919862
1759,2.684088,1,2.8735652
1760,2.0106244,0,1.7111778
1761,0.8697687,1,0.9011952
1762,1.665167,1,1.7701011
1763,1.7272902,0,1.3199468
1764,2.476025,2,2.6821587
1765,1.0623188,1,1.0350716
1766,1.42069,1,1.3625727
1767,1.4510474,1,2.0091095
1768,1.740286,1,2.424196
1769,1.066016,1,0.7648157
1770,2.420137,2,2.0380893
1771,2.5265894,2,2.4542878
1772,2.159388,1,2.353881
1773,0.93486834,1,0.833518
1774,0.93486834,1,0.833518
1775,0.7956949,1,1.2282377
1776,1.5498598,1,1.0772692
1777,2.2120209,1,2.0183563
1778,3.7162838,2,3.1808684
1779,3.1447206,2,2.4501295
1780,2.1197042,2,1.8448093
1781,3.0098927,2,2.4015055
1782,1.807703,2,2.0920792
1783,2.110445,1,2.3775992
1784,2.1948614,2,1.9376254
1785,1.7594501,1,1.7579308
1786,1.2609587,1,1.7473707
1787,2.3094985,2,2.0036786
1788,1.8327731,2,1.8334842
1789,2.4058444,1,2.0539484
1790,2.1424403,1,1.9543531
1791,2.6913292,0,2.176748
1792,2.0678082,1,2.23138
1793,2.2519245,1,2.2604377
1794,2.2151625,1,2.1164815
1795,3.204832,2,3.1389585
1796,1.813344,1,1.5656381
1797,2.1861112,0,1.9379759
1798,1.7423311,1,1.2891705
1799,2.5219452,2,1.8692007
1800,1.5136855,1,1.7531666
1801,1.3498793,1,1.0381874
1802,1.8453588,1,1.4198091
1803,2.6582806,0,1.976851
1804,1.1475677,1,0.6101942
1805,2.329424,0,1.6857791
1806,1.1873972,1,0.87631106
1807,1.777632,1,0.8366442
1808,0.93486834,1,0.833518
1809,0.93486834,1,0.833518
1810,1.5921569,1,1.4700623
1811,1.2901692,1,1.4214892
1812,1.4806958,1,1.2057301
1813,1.7192223,0,1.0847613
1814,1.4624636,0,0.84606576
1815,1.059705,1,1.0899625
1816,0.93486834,1,0.833518
1817,0.93486834,1,0.833518
1818,1.2508235,1,1.0540794
1819,1.059705,1,1.0899625
1820,1.2434046,1,0.98734516
1821,1.059705,1,1.0899625
1822,0.9518252,1,0.8615657
1823,1.059705,1,1.0899625
1824,1.7335856,1,1.1113744
1825,1.6955638,0,1.0145388
1826,1.5700384,0,1.3024634
1827,2.4967074,0,1.1670887
1828,1.7863178,1,1.5199926
1829,2.1975942,2,1.562547
1830,2.1768813,1,1.3056865
1831,2.721118,1,3.2333112
1832,2.542811,1,1.9045331
1833,2.699655,2,2.4845765
1834,1.7612826,1,1.0475473
1835,2.2265816,0,1.48014
1836,1.1840725,1,0.6599538
1837,1.04708,1,1.0317972
1839,2.8963695,2,2.9575746
1841,1.6009691,1,2.1187122
1843,2.245154,1,2.0381417
1845,2.195945,1,1.8474517
1847,1.758408,1,2.2336586
1849,2.0039632,2,2.345175
1851,2.0286026,1,2.6359572
1853,1.4774566,1,1.333243
1855,1.799338,1,1.3345578
1857,2.5348663,0,2.1929474
1859,2.7448652,1,2.7175083
1861,2.194141,2,2.1641328
1863,1.5062835,1,1.3041992
1865,2.0136642,1,2.9300356
1867,1.8271589,1,2.308179
1869,1.596232,1,1.6030843
1871,2.0303285,1,2.3642948
1873,2.6131868,0,2.9481723
1875,1.890329,1,1.6763089
1877,2.1241267,1,2.1950514
1879,3.0624454,2,3.0852733
1881,2.0224242,0,2.225629
1883,2.0506601,0,1.3312151
1885,1.8252823,2,1.8731906
1886,0.810271,1,0.88762105
1887,1.7985604,2,1.6647642
1888,2.845348,2,3.5579953
1889,3.3498974,2,3.2983303
1890,2.5950253,2,2.3576505
1891,2.4180408,1,2.566212
1892,2.060064,0,2.263264
1893,2.0498407,1,1.9761851
1894,2.673827,0,1.5368302
1895,2.596242,1,2.6010928
1896,2.7192402,0,2.8899326
1897,3.0269294,2,3.3124661
1898,2.1873085,2,2.2594435
1899,1.2745316,1,1.8977599
1900,0.77840215,1,1.0823722
1901,1.1871355,1,0.8950984
1902,0.76078373,1,1.3108876
1903,1.3221912,1,0.77283454
1904,0.93486834,1,0.833518
1905,0.9856907,1,0.9056924
1906,1.1515148,1,0.8130342
1907,1.8169277,1,1.6526697
1908,1.7136654,1,1.7230496
1909,1.4656456,1,1.2528951
1910,1.6611884,1,2.3248436
1911,1.5414636,1,2.2180514
1912,2.0509915,2,1.4818592
1913,2.7779162,2,2.6227448
1914,1.1757792,1,0.9951752
1915,1.701228,1,1.5875676
1916,0.93486834,1,0.833518
1917,0.93486834,1,0.833518
1918,0.93486834,1,0.833518
1919,1.8152733,2,1.6461694
1920,2.3247364,2,2.3767064
1921,3.6651044,2,3.417925
1922,3.1352587,2,3.1454566
1923,3.3083358,2,3.2429526
1924,1.6998402,1,1.7722132
1925,2.5854921,2,2.7268667
1926,1.9075546,1,1.9121823
1927,2.4550812,1,2.375092
1928,1.0611852,1,1.7544668
1929,2.5222738,2,2.4232497
1930,1.7782384,1,1.3150812
1931,2.4537787,1,2.305889
1932,2.227409,2,1.8065543
1933,2.198216,0,2.461898
1934,2.8704686,2,3.2636895
1935,3.0049748,2,2.7709725
1936,1.8574758,1,2.170465
1937,2.5541258,2,2.9417958
1938,3.4499843,2,2.9975498
1939,3.2563667,0,2.9257054
1940,2.8847501,2,3.2786095
1941,2.9857497,0,2.8686109
1942,2.0326192,1,1.5489516
1943,2.067512,1,1.8478243
1944,2.5274167,1,1.6149905
1945,2.713739,0,2.232576
1946,1.5938964,1,1.5025654
1947,1.5740618,1,1.6958561
1948,1.3551252,1,1.0335215
1949,3.060005,2,2.4741359
1950,1.8529494,0,1.8360825
1951,2.997789,0,1.8068423
1952,1.4812427,0,1.0548875
1953,1.7253287,0,0.7955283
1954,0.93486834,1,0.833518
1955,0.93486834,1,0.833518
1956,0.93486834,1,0.833518
1957,1.5702252,2,1.7542098
1958,2.9929934,2,2.8292198
1959,3.0620978,2,3.1556726
1960,2.6754694,2,3.0550435
1961,2.9905586,2,2.5510125
1962,2.9354079,2,3.11266
1963,2.8522747,2,2.637211
1964,3.0485203,0,3.0900602
1965,3.2110462,0,3.126589
1966,2.6132483,0,2.0911653
1967,2.5898664,0,2.5095866
1968,3.0155363,2,2.4827006
1969,2.1377292,0,2.353167
1970,2.631688,2,1.8321862
1971,2.5048802,1,2.0473325
1972,2.531395,0,2.5515656
1973,2.12221,0,2.1737509
1974,2.689506,1,3.0782022
1975,3.003596,0,2.9495745
1976,2.7766633,2,2.45666
1977,2.0475488,0,2.3806767
1978,3.0140376,0,2.5160902
1979,3.1902046,0,3.2440815
1980,2.645444,2,3.0010593
1981,2.8520913,1,1.8877711
1982,2.2027607,2,2.5865455
1983,2.2025511,2,2.2785146
1984,2.370966,0,2.2169678
1985,2.42954,0,2.847018
1986,2.1526499,0,1.5275578
1987,2.4962575,0,2.006371
1988,0.93486834,1,0.833518
1989,0.93486834,1,0.833518
1990,0.810271,1,0.88762105
1991,1.967695,1,1.8883352
1992,3.1252022,2,3.40508
1993,4.303661,2,3.9345012
1994,3.3102906,2,2.8977857
1995,2.5853868,2,2.6982324
1996,3.9874232,2,3.4292257
1997,2.94346,2,3.2095554
1998,1.9566851,1,1.8834467
1999,2.2781382,1,2.1046867
2000,2.335034,2,2.513952
2001,2.7675152,1,2.07103
2002,1.273514,1,1.4097178
2003,2.475077,1,2.458444
2004,1.7627628,2,1.9217238
2005,2.4702196,1,2.4908607
2006,3.1718836,2,3.0846348
2007,2.3983073,2,2.390822
2008,2.8508554,2,2.5188863
2009,2.17264,1,2.180931
2010,1.0623188,1,1.0350716
2011,1.3173598,1,1.0402191
2012,1.0623188,1,1.0350716
2013,1.7025708,1,1.3868577
2014,2.421534,1,2.3081074
2015,2.7950497,2,2.4286737
2016,1.8442765,1,1.7741494
2017,1.4322505,1,1.0693126
2018,1.4119768,1,1.5718131
2019,2.009048,1,1.729711
2020,0.93486834,1,0.833518
2021,0.93486834,1,0.833518
2022,3.5772038,2,3.0019853
2023,4.1806226,2,4.2885046
2024,1.8810898,2,1.9651563
2025,1.4792675,1,2.5220118
2026,2.606295,2,2.3961377
2027,3.3768444,2,2.5786552
2028,3.0295622,1,3.5920568
2029,3.0384786,1,3.7444775
2030,2.3643394,1,3.2475362
2031,3.036412,2,3.4014869
2032,2.7957633,2,3.4924636
2033,2.6719162,2,2.5399847
2034,2.9623814,2,2.9231699
2035,2.878818,2,2.7580714
2036,1.5504465,1,1.9737937
2037,1.7475379,1,2.547496
2038,1.4518989,1,1.548495
2039,1.7730663,1,2.2314174
2040,2.5605347,2,2.2898715
2041,1.815922,1,2.590647
2042,2.3433206,2,2.5352778
2043,2.7222562,2,2.8792334
2044,2.0511684,1,2.3277924
2045,2.1311083,1,3.21275
2046,2.3812675,1,2.4595926
2047,2.1264436,1,2.6717923
2048,2.336052,1,2.21294
2049,2.3082206,1,3.257051
2050,1.6842567,1,2.0068839
2051,1.0936089,1,2.8868983
2052,2.4860547,0,2.986981
2053,2.8592963,2,2.8176572
2054,1.8205982,1,1.298542
2055,1.8939745,0,1.2474813
2056,0.93486834,1,0.833518
2057,0.93486834,1,0.833518
2058,1.0778334,1,0.7789489
2060,0.810271,1,0.88762105
2062,1.04708,1,1.0317972
2064,2.3522296,2,2.608195
2066,2.041645,2,2.3353403
2068,1.896351,1,1.4953873
2070,2.1308227,1,1.937717
2072,2.0668168,1,1.7024791
2074,2.8168998,2,2.8683162
2076,1.6971844,1,1.9693754
2078,1.7291096,1,1.7209227
2080,2.4895108,1,2.2247062
2082,2.4368892,2,2.9252243
2084,1.5179155,2,1.8875828
2086,2.7135594,2,2.605118
2088,2.6549308,1,2.0565355
2090,2.3094044,0,2.034419
2092,2.5791678,0,2.47117
2094,2.1043613,2,1.8710992
2096,2.479992,2,1.6892978
2098,2.0502112,2,2.004473
2100,2.4565759,2,2.3443716
2102,2.5473444,2,1.9974761
2104,2.277717,2,2.0075088
2106,1.3010707,1,1.1306005
2108,1.294493,1,1.4815148
2110,1.0623188,1,1.0350716
2112,1.3184383,1,1.5655098
2114,1.8059816,1,1.8751044
2116,2.1923876,1,2.0480795
2118,1.5927088,1,1.4365795
2120,0.93486834,1,0.833518
2122,0.93486834,1,0.833518
2124,0.93486834,1,0.833518
2126,2.0066648,1,1.7327409
2127,3.3001046,2,3.7280357
2128,3.4256644,2,3.5951831
2129,3.0533695,2,2.3226113
2130,2.7214646,2,2.6603808
2131,2.1471174,2,2.8234403
2132,2.1439195,1,2.405826
2133,2.348396,1,2.2336495
2134,2.6017447,1,3.291974
2135,1.2099038,1,2.0576572
2136,2.0812895,2,2.4739666
2137,2.3966415,2,2.1127884
2138,2.086967,1,1.9072063
2139,2.0054612,1,1.85884
2140,3.1286886,1,2.6276932
2141,1.3461728,1,1.3025955
2142,1.8598771,1,1.6758986
2143,2.412796,1,1.5404785
2144,1.9225539,0,2.6697233
2145,2.2176409,1,2.3499186
2146,2.2042572,0,2.2828076
2147,1.807733,1,1.5742686
2148,1.4671903,1,1.292066
2149,2.4241695,0,1.6550574
2150,2.321483,0,1.516875
2151,0.93486834,1,0.833518
2152,1.2855968,1,1.0373889
2153,3.3996272,2,3.4801426
2154,3.6180224,2,4.03542
2155,2.9505167,1,3.6160748
2156,2.6564832,0,3.0251675
2157,2.0478334,0,0.6894367
2158,2.2012749,0,1.647621
2159,0.93486834,1,0.833518
2160,0.93486834,1,0.833518
2161,1.2716377,1,1.234764
2162,1.4379371,1,1.2923986
2163,1.6780596,0,1.5223362
2164,2.083076,0,1.3424053
2165,0.9168426,1,0.5481538
2166,2.1401334,0,1.2762442
2167,0.9168426,1,0.5481538
2168,2.3734615,0,1.3885412
2169,0.93486834,1,0.833518
2170,0.93486834,1,0.833518
2171,2.0319989,2,2.3128343
2173,1.0778334,1,0.7789489
2175,1.2141539,1,1.3045425
2177,1.04708,1,1.0317972
2179,1.5451132,1,1.811161
2181,2.7843888,1,2.1114886
2183,1.7798626,1,1.2401073
2185,2.7752557,1,2.9909818
2187,2.2869453,1,1.7697092
2189,1.9966935,1,0.9674406
2191,1.5895693,1,1.3772609
2193,2.9811738,0,1.915467
2195,2.1492887,1,0.7951384
2197,3.5210803,2,3.3587377
2199,1.6666188,0,1.125752
2201,1.9744756,0,1.8482378
2203,2.4006436,0,1.7229271
2205,2.8670027,2,2.4958563
2207,2.1769533,0,2.3917286
2209,2.5408077,0,2.3262851
2211,2.326128,1,1.3395747
2213,3.3412223,0,1.6000159
2215,1.6196737,1,1.7208681
2217,1.5664887,1,1.3381174
2219,1.0505892,1,1.134421
2221,1.1526058,1,0.9633634
2223,1.2704079,1,0.88520193
2225,2.3172996,1,2.0450385
2227,1.7112858,0,1.8371483
2229,1.9522423,0,1.3328445
2231,0.93486834,1,0.833518
2233,0.93486834,1,0.833518
2235,0.806963,1,0.74489397
2237,1.0778334,1,0.7789489
2239,1.5132108,1,1.1597013
2241,2.780435,2,3.0601568
2243,1.3424263,1,1.2988088
2245,1.2537954,1,1.2362688
2247,3.178843,2,2.933815
2249,1.4975991,1,1.7121935
2251,1.5041704,1,1.1628225
2253,1.9865437,1,1.5819728
2255,1.8473443,1,1.1284919
2257,2.4243083,1,1.712251
2259,1.5390778,1,1.4776169
2261,1.3020912,1,1.0508565
2263,2.0436049,2,1.7370665
2265,2.445025,2,1.8517711
2267,2.4371636,2,2.4710102
2269,2.4111478,2,2.2135136
2271,2.9242597,2,2.2579918
2273,2.4951227,1,2.414375
2275,2.6708956,2,1.8158143
2277,2.109199,2,1.6459587
2279,1.7134947,1,1.5136769
2281,1.794967,1,1.4555056
2283,2.2974389,1,1.771373
2285,2.8390737,2,1.8514173
2287,2.343033,2,1.3761172
2289,1.8912498,2,1.8055034
2291,2.4228692,2,1.9196532
2293,0.93486834,1,0.833518
2295,0.93486834,1,0.833518
2297,1.342862,1,1.3326375
2299,2.1661384,2,2.02283
2301,0.93486834,1,0.833518
2303,0.93486834,1,0.833518
2305,1.3270137,1,1.9164467
2307,2.6252685,2,2.033056
2309,0.93486834,1,0.833518
2311,0.93486834,1,0.833518
2313,2.004842,1,1.5658026
2315,1.194621,0,0.8957519
2317,2.0744622,1,1.9894519
2318,2.1218324,1,1.9967198
2319,2.7907143,2,2.871802
2320,2.9057057,2,1.933094
2321,2.3542957,1,2.0657494
2322,1.8030031,1,1.9854279
2323,2.2209983,1,1.8408773
2324,2.460264,2,2.5156026
2325,2.4482195,1,2.3810117
2326,2.660809,1,2.3108735
2327,2.6913295,2,2.9155033
2328,2.8602388,2,2.6298666
2329,2.430782,2,1.9858174
2330,1.2052617,1,0.47537273
2331,3.0554643,2,2.8611586
2332,2.2102704,1,1.4407172
2333,3.348195,2,2.0520523
2334,2.1244702,2,2.4251306
2335,1.752771,1,1.8745129
2336,1.8138528,1,2.1381469
2337,2.1792297,1,2.6634114
2338,1.6122684,1,1.6093979
2339,1.9306676,1,1.9804227
2340,3.6403093,2,2.9795804
2341,2.9990864,2,2.6763306
2342,2.0507565,1,1.8872786
2343,1.8902541,1,1.6862162
2344,3.1118848,2,2.9496493
2345,2.3544357,1,1.8700562
2346,2.080954,2,2.6254923
2347,2.0734181,1,2.3516142
2348,2.4685316,1,2.1355748
2349,1.770037,2,2.0805953
2350,2.0108314,1,1.9317763
2351,1.5742654,1,1.4431505
2352,1.6962917,1,1.4312066
2353,2.1941144,0,1.6972558
2354,1.1716202,1,0.8931974
2355,1.059705,1,1.0899625
2356,0.93486834,1,0.833518
2357,0.93486834,1,0.833518
2358,0.93486834,1,0.833518
2359,1.0778334,1,0.7789489
2360,1.0778334,1,0.7789489
2361,1.9051553,1,1.9843276
2362,1.7681935,1,1.6174605
2363,2.0233893,1,1.7460237
2364,3.5797055,2,3.4025974
2365,2.418678,2,2.3790905
2366,2.7855232,2,3.0903397
2367,2.3708372,2,2.221629
2368,2.2119544,2,2.1240184
2369,2.1692348,2,1.7987353
2370,1.7448386,1,1.2831976
2371,1.1975578,1,1.4062939
2372,2.0024395,1,1.681824
2373,2.035334,1,1.1986419
2374,2.1452694,1,1.5958142
2375,0.93486834,1,0.833518
2376,0.93486834,1,0.833518
2377,1.0778334,1,0.7789489
2379,1.1358585,1,1.0129324
2381,2.268732,1,2.2743905
2383,1.3980347,1,0.68192255
2385,2.064604,1,1.7410977
2387,1.8802503,1,1.5469875
2389,2.4422736,2,2.3070211
2391,1.6011844,1,0.9871363
2393,1.6631062,0,1.9134209
2395,3.0139978,0,1.8148355
2397,2.5442874,1,2.6521168
2399,1.9485662,0,1.5836965
2401,1.3816669,1,1.0913363
2403,2.33592,1,2.2167218
2405,2.0875173,1,1.7553729
2407,2.155572,1,1.5369663
2409,1.9565411,1,1.8374878
2411,1.5401547,1,1.0253005
2413,1.2536546,1,1.3924344
2415,1.066016,1,0.7648157
2417,3.727797,2,3.2755032
2419,1.5546923,1,1.8558893
2421,1.8403704,0,1.4697716
2423,0.93486834,1,0.833518
2425,0.93486834,1,0.833518
2427,0.93486834,1,0.833518
2429,0.93486834,1,0.833518
2431,0.93486834,1,0.833518
2433,0.93486834,1,0.833518
2435,2.0664065,2,1.6169596
2437,1.4619122,1,1.2387178
2439,0.5295167,1,0.7978667
2441,1.7945926,1,1.3683939
2443,3.572217,2,2.360653
2445,1.8634884,1,1.9201698
2447,1.0623188,1,1.0350716
2449,1.7147826,1,1.2538844
2451,1.9997993,1,1.5431699
2453,2.4449584,1,1.8264568
2455,0.9580862,1,0.82600415
2457,2.4487205,2,1.5992463
2459,0.93486834,1,0.833518
2461,0.93486834,1,0.833518
2463,0.93486834,1,0.833518
2465,3.0836368,2,2.6632833
2466,3.044359,2,3.27372
2467,1.9597719,1,2.7477627
2468,3.0740483,0,2.6349828
2469,2.6415348,2,1.5394806
2470,3.456943,2,2.9525003
2471,1.9725682,2,1.7638423
2472,2.1838365,2,1.7019615
2473,2.2140188,2,1.5815251
2474,2.6196332,2,2.787058
2475,2.0919075,1,1.3307697
2476,3.076899,2,3.1055825
2477,2.2785957,2,1.1445371
2478,3.035882,0,1.475909
2479,1.5608342,1,1.4582376
2480,1.2660807,1,1.084236
2481,1.6073686,1,2.3320816
2482,2.1612272,2,1.7330234
2483,2.1669405,1,2.6903942
2484,2.8213696,1,2.932479
2485,2.0040174,1,1.8941882
2486,2.1385863,1,2.076174
2487,2.2372818,2,1.8601329
2488,2.562148,2,2.617341
2489,2.4901788,1,2.598003
2490,2.5860395,1,2.2380157
2491,1.9097574,2,1.6771907
2492,2.861133,0,2.5620804
2493,1.8118231,1,1.5035741
2494,2.106228,1,1.9736109
2495,1.8734765,2,2.0887232
2496,1.8422043,1,2.0593553
2497,2.0552716,2,1.9682682
2498,2.652963,2,1.7097862
2499,2.508359,2,1.526793
2500,1.8489994,1,0.9633151
2501,1.9333577,2,2.4094207
2502,2.5338998,1,1.9489632
2503,0.96983504,1,1.7593776
2504,2.2391324,1,2.0310917
2505,2.087648,1,2.029961
2506,1.8619838,1,2.4549453
2507,2.5251586,2,2.4065323
2508,1.7692261,1,2.6915781
2509,1.7225893,1,2.260443
2510,2.0505548,1,2.6341686
2511,2.2532296,2,1.7004979
2512,2.3400152,2,2.1248572
2513,2.156518,1,2.2928166
2514,2.6720104,0,2.2042525
2515,1.9731023,0,1.6977867
2516,1.9571054,0,1.143261
2517,1.5738876,1,1.3851476
2518,1.2172222,1,1.5958213
2519,1.2144718,1,1.3316498
2520,1.6482213,1,1.2638323
2521,1.0778334,1,0.7789489
2522,2.0763817,1,2.1141996
2523,3.3662038,2,3.8306162
2524,3.7765121,2,3.5516121
2525,2.5333414,2,2.9754214
2526,2.675054,1,2.6733577
2527,1.7866602,1,1.6431679
2528,2.236824,1,1.7436755
2529,2.8589647,1,2.432401
2530,3.690524,0,3.517077
2531,2.0654213,0,1.2039007
2532,2.1223814,0,0.93202245
2533,1.9088454,0,1.2379055
2534,2.3734615,0,1.3885412
2535,1.035203,1,0.8767451
2536,0.97059083,1,0.73445886
2537,1.6504552,1,1.2927928
2538,2.9478338,0,2.7145803
2539,1.3626873,1,1.5198638
2540,2.811373,1,2.9480681
2541,1.5413351,1,0.80024993
2542,2.3777006,1,2.3876069
2543,3.577808,2,2.8208659
2545,2.8376088,2,2.7875814
2547,3.0734324,2,1.6991818
2549,2.165215,1,1.7317935
2551,2.3016114,1,1.8546555
2553,2.2947497,0,1.8392467
2555,2.1896217,1,2.1520977
2557,2.5270114,1,2.3594134
2559,2.4418092,1,2.802099
2561,1.7271318,2,2.0574746
2563,2.7661686,2,2.518467
2565,2.8273427,2,2.0864546
2567,2.6418037,2,2.6272535
2569,2.4068012,2,2.4878995
2571,2.6576524,2,2.1276176
2573,1.95836,1,1.9995396
2575,2.0808132,1,1.9304607
2577,2.2039735,1,1.781342
2579,2.454374,1,2.1442795
2581,1.306242,1,2.2063584
2583,2.4218225,1,2.9931753
2585,2.5728219,2,3.137474
2587,2.7831352,1,2.8185813
2589,3.3554184,2,3.0123217
2591,2.7513661,2,1.5638907
2593,3.836768,2,2.7416503
2595,2.3863378,1,2.0157814
2597,2.082911,0,2.0965223
2599,2.4553943,0,2.0828836
2601,2.545485,0,1.9381416
2603,0.93486834,1,0.833518
2605,1.0778334,1,0.7789489
2606,1.8018231,1,1.5443399
2607,2.4501822,2,1.5922208
2608,3.262047,2,3.4568558
2609,2.7935948,2,2.7914007
2610,3.2976506,2,2.9267664
2611,2.5285363,2,2.2629666
2612,2.3932912,2,2.1575313
2613,2.7140183,2,2.768083
2614,3.156274,2,2.8537216
2615,1.690835,1,1.7382679
2616,2.7574475,1,2.7252934
2617,1.9414477,1,1.5292022
2618,2.4489703,2,2.6352692
2619,3.0754235,2,3.084462
2620,3.3720388,2,3.2924678
2621,1.9178097,1,2.5110412
2622,3.1734152,2,3.3908
2623,1.4972739,1,1.2220063
2624,2.7339807,1,2.0772254
2625,0.904693,1,0.2927732
2626,2.2699547,0,2.17497
2627,2.0583012,1,1.5794126
2628,2.9246845,0,3.1609797
2629,2.114324,1,1.3535105
2630,2.4784105,1,2.0032766
2631,1.38499,1,1.5145941
2632,3.125175,0,3.1808758
2633,0.93486834,1,0.833518
2634,1.468017,1,1.220328
2635,2.201135,0,2.4030433
2636,2.6656725,0,2.807319
2637,0.93486834,1,0.833518
2638,0.93486834,1,0.833518
2639,1.2162309,1,0.80978584
2641,1.0778334,1,0.7789489
2643,1.2429956,1,1.1167613
2645,2.198892,1,2.091731
2647,1.736038,1,1.1379886
2649,0.5048573,1,1.0252541
2651,2.5489511,2,2.297133
2653,2.8299975,2,2.3619945
2655,2.5084107,1,2.4836676
2657,2.130187,2,1.5126474
2659,3.280353,2,2.834091
2661,2.5950537,2,2.4375997
2663,2.4217768,2,1.7757375
2665,2.4452598,2,2.5497823
2667,2.7235074,0,2.245201
2669,2.350758,1,1.8025153
2671,2.485497,1,2.2926633
2673,1.4536567,1,1.8204601
2675,1.3230883,1,1.2057794
2677,1.2429008,1,1.2999202
2679,1.6267357,1,1.7744346
2681,1.5398866,1,1.0204728
2683,0.8270599,1,0.62079185
2685,0.93486834,1,0.833518
2687,0.93486834,1,0.833518
2689,0.86431736,1,1.0042274
2691,0.86431736,1,1.0042274
2693,1.9101846,2,1.2250919
2695,1.310465,1,1.4328206
2697,1.4496,1,0.46836263
2699,1.9798672,1,1.2850174
2701,0.9562185,1,1.0062846
2703,1.6729674,1,1.1644545
2705,0.9956702,1,0.7020651
2707,2.8044586,1,1.7339766
2709,2.1016057,2,2.518094
2711,1.1157321,0,1.179649
2713,0.8697687,1,0.9011952
2715,2.271193,2,1.2847822
2717,2.8423207,2,2.6592095
2719,2.4492803,2,2.7137852
2721,2.3220575,0,1.7875073
2723,2.9786901,1,2.5281265
2725,2.5576968,2,2.3153021
2727,1.5621307,1,1.8382566
2729,1.8661511,1,0.9468464
2731,2.4726017,1,1.987117
2733,1.8343263,1,2.6032088
2735,2.3990023,1,2.811326
2737,1.9493068,1,2.137615
2739,2.4974809,1,2.8106668
2741,2.7640045,2,1.8101871
2743,2.322775,1,1.6483457
2745,1.4020333,1,2.0393198
2746,2.8557768,2,2.266269
2747,3.1900249,2,3.1837254
2748,2.1535954,2,2.0783865
2749,2.602097,2,2.2489562
2750,2.796509,2,2.033572
2751,3.005086,1,3.2204432
2752,2.1484666,2,2.3304348
2753,2.6035154,0,2.4761186
2754,2.137376,1,1.8505833
2755,2.39212,0,2.4615257
2756,2.2336464,2,2.108843
2757,2.333345,1,2.2298582
2758,2.3487165,2,1.9243834
2759,2.6036298,2,2.782232
2760,2.0755653,1,1.4001987
2761,1.8813639,1,1.445592
2762,1.5835756,1,1.8707318
2763,2.3784795,1,2.4735801
2764,1.7301404,1,1.7161026
2765,2.3694515,0,2.5943036
2766,2.2555008,1,2.6176934
2767,1.5228968,1,1.9294038
2768,1.9758288,1,1.9404254
2769,2.1865442,1,2.6746037
2770,2.6469004,1,1.8053187
2771,2.7009327,1,2.20554
2772,1.2437427,1,1.3838444
2773,3.1243134,2,3.690414
2774,1.7926285,2,2.096396
2775,2.0184221,2,2.3180566
2776,2.055441,2,1.9025259
2777,1.7672464,1,2.1053576
2778,0.93486834,1,0.833518
2779,0.93486834,1,0.833518
2780,0.93486834,1,0.833518
